,dice_mean,dice_std,iou_mean,iou_std,precision_mean,precision_std,recall_mean,recall_std,accuracy_mean,accuracy_std,f1_mean,f1_std,bce_mean,bce_std,inference_time_mean,inference_time_std,model_name,checkpoint
0,0.9072317180534204,0.14767929989708356,0.8547717146575451,0.1834760352737901,0.9258465318630139,0.1277960884005891,0.9213576443493366,0.15889854218735006,0.9683454235394796,0.052905075712025386,0.9072317806171808,0.14767916666929015,0.0924419978633523,0.07425225888542515,0.06496865830073754,0.08461507495844936,AttentionDualEncoderSwin,checkpoints/AttentionDualEncoderSwin/20260206/c5452230/c5452230_epoch_78_metric_0.1908_AttentionDualEncoderSwin.pth
